,raw,rate,unc
nue,1327,6.873777374412309e-10,4.181518560853733e-11
numu,3844,5.430265716657448e-10,2.5017563196502616e-11
nutau,33458,1.127559341134929e-08,1.7601366910564863e-10
