,raw,rate,unc
nue,34458,4.72050061384513e-08,5.680528148361103e-10
numu,42593,2.7485895562720643e-08,2.8570199444872667e-10
nutau,52638,3.328464155962684e-08,4.1773474643893404e-10
