,raw,rate,unc
nue,521,0.0150903314649188,0.002016500240954211
numu,2437,0.03388875057788581,0.003347886114147233
nutau,21710,0.44132973563265065,0.006423186586248343
