,raw,rate,unc
nue,28276,1.3084266186161444,0.017692768582808525
numu,23498,1.7026720040775989,0.04496045277482166
nutau,39614,1.3328959098896742,0.01327798850617598
