,raw,rate,unc
nue,36970,2.6010496918928174,0.027148342351657875
numu,21805,1.7557081091107045,0.047270462627207445
nutau,45486,1.644416908956316,0.015395352390569897
