,raw,rate,unc
nue,1388,6.846736198343476e-10,4.6938164353035524e-11
numu,3204,5.482494412480208e-10,2.9012320478713583e-11
nutau,33243,1.1150534820349704e-08,1.7512005403463284e-10
