,raw,rate,unc
nue,1631,0.3395320776649665,0.019852424340661836
numu,2168,0.16055287792139336,0.00916557407504663
nutau,35068,4.551900035218554,0.06836218804650018
