,raw,rate,unc
nue,135701,59.05961196370477,0.4019047823996421
numu,79176,21.363426239044408,0.16368169331929786
nutau,113478,34.187071542260725,0.2825717737736016
