,raw,rate,unc
nue,503,0.015207019545274857,0.0020177213974546136
numu,2416,0.0337671691598903,0.003346855302859894
nutau,21749,0.4413346289702901,0.006423340293087491
