,raw,rate,unc
nue,616,3.9669960247382193e-10,4.096782455857696e-11
numu,3694,7.88751773186539e-10,3.3615514377913726e-11
nutau,30775,1.1020623482018567e-08,1.7919701407859419e-10
