,raw,rate,unc
nue,1050,5.447398680421622e-10,4.2087266922912615e-11
numu,5063,6.732048922527072e-10,2.946609004174194e-11
nutau,34163,1.1134512187601456e-08,1.7368046343739378e-10
