,raw,rate,unc
nue,1018,5.219478798563061e-10,4.430978555153312e-11
numu,4687,6.723975310183141e-10,3.307373333512491e-11
nutau,31469,1.0783691759978362e-08,1.7204169812581135e-10
