,raw,rate,unc
nue,670,0.02236472982943282,0.002216159682356882
numu,1686,0.02988909242146874,0.003276919341012804
nutau,22685,0.4709034448353157,0.006694653640646564
