,raw,rate,unc
nue,26429,1.300774165948683,0.01767189410472378
numu,23320,1.7000677136782074,0.044956614086369195
nutau,41639,1.343152652956527,0.013318722207953246
