,raw,rate,unc
nue,3555,1.0141798894851833e-09,5.3918091385982393e-11
numu,5883,5.405745388307119e-10,2.376961833737867e-11
nutau,50329,1.4027035863418922e-08,1.9755816047876858e-10
