,raw,rate,unc
nue,139318,1.5391216708110606e-07,1.0114477222575995e-09
numu,98543,5.579299219023017e-08,4.1519382248107303e-10
nutau,129107,9.07533786528609e-08,7.264428036278217e-10
