,raw,rate,unc
nue,1089,5.670156076262138e-10,4.379195043639271e-11
numu,4693,6.35570275524009e-10,2.9624257842890096e-11
nutau,32736,1.1050564395270164e-08,1.72811540854214e-10
