,raw,rate,unc
nue,1075,6.017413151250099e-10,4.844770757830028e-11
numu,2768,5.86217440630735e-10,3.051195343086191e-11
nutau,30122,1.0999906792019902e-08,1.7836418232850213e-10
