,raw,rate,unc
nue,519,2.0867380819166746e-09,4.815900818990395e-10
numu,3066,3.5059838006529717e-09,1.0985456483786375e-10
nutau,38231,5.1323562899030873e-08,5.009648014020028e-10
