,raw,rate,unc
nue,42671,9.392513044698761e-08,2.2540673661375748e-09
numu,57283,9.141792504060267e-08,6.247410003114271e-10
nutau,67583,1.0097308306726639e-07,7.453524369782993e-10
