,raw,rate,unc
nue,1152,6.086003854277155e-10,4.451942214544696e-11
numu,2758,6.062819034817104e-10,3.210799129039783e-11
nutau,30121,1.0995240944129825e-08,1.7820262281507065e-10
