,raw,rate,unc
nue,33216,4.829229321367001e-08,6.051059062376674e-10
numu,34950,2.836984689029995e-08,3.049320698836767e-10
nutau,46310,3.304077852943027e-08,4.268202593559052e-10
