,raw,rate,unc
nue,472,0.01668081759614507,0.0014488778347811902
numu,1912,0.04004092126647312,0.0043839262148939635
nutau,22989,0.5145131555811023,0.007065753971046699
