,raw,rate,unc
nue,38915,2.6113428801572627,0.027171888106134964
numu,22027,1.7607250742944391,0.047280895943186546
nutau,43319,1.6291067555081364,0.015321598487759373
