,raw,rate,unc
nue,1118,6.108863728279926e-10,4.9538756262839377e-11
numu,2882,5.942536177913249e-10,2.788272612216978e-11
nutau,30364,1.0995186055350011e-08,1.7833529278812779e-10
