,raw,rate,unc
nue,479,0.017479882985633192,0.0014612745484839278
numu,1811,0.03974351453521256,0.004417574784931714
nutau,22902,0.5154387287153385,0.007080640783253646
