,raw,rate,unc
nue,831,5.372961667928063e-10,3.6546863691718805e-11
numu,2857,4.929833470681899e-10,2.7559524575225475e-11
nutau,27865,1.1079290510517571e-08,1.738278621037625e-10
