,raw,rate,unc
nue,602,0.02428221873390283,0.0020396691201438884
numu,1491,0.03430528663656249,0.004016034300702055
nutau,23438,0.5294400621050702,0.007208871301781006
