,raw,rate,unc
nue,2116,0.3796618481173685,0.01936111140557252
numu,3243,0.16791595685150282,0.008076082376072656
nutau,44066,4.97585944759977,0.07109358569798067
