,raw,rate,unc
nue,140651,58.282401367667525,0.3829523515100523
numu,98543,21.128315164108898,0.15723024686794454
nutau,131253,34.372245634619254,0.27509036178156987
