,raw,rate,unc
nue,621,0.02519030398713184,0.0020547629027305786
numu,1481,0.03364428169763101,0.003786897807944869
nutau,23449,0.5305318398103666,0.007221285376610297
