,raw,rate,unc
nue,1460,6.702692466415666e-10,4.337547939463153e-11
numu,5544,6.372374768718694e-10,2.6257247479625904e-11
nutau,42076,1.1867473742365399e-08,1.7845290987421504e-10
