,raw,rate,unc
nue,42671,5.53997491565371e-08,6.131545814159815e-10
numu,57283,3.257640395647831e-08,3.055785378247905e-10
nutau,67583,3.7193731334371106e-08,4.4060721252014576e-10
