,raw,rate,unc
nue,811,4.5747010968477067e-10,3.9782140560623714e-11
numu,4731,7.77089854130126e-10,3.1736947692941116e-11
nutau,34875,1.1216301883118067e-08,1.7404254141461964e-10
